{
  "hardware": "Mac (run on device)",
  "circuit": "ULP_V2V_Auth(depth=8)",
  "nWarmup": 3,
  "nRuns": 20,
  "timestamp": "2026-03-13T14:33:17.271Z",
  "fullProve": {
    "times_ms": [
      198.6004999999999,
      197.859958,
      196.33358299999986,
      226.5915829999999,
      254.7918749999999,
      273.45079199999986,
      213.02108399999997,
      230.37154199999986,
      202.94495800000004,
      201.7961250000003,
      214.70191699999987,
      209.12095899999986,
      202.71116600000005,
      196.21362499999987,
      216.38820799999985,
      214.35845800000016,
      212.95858399999997,
      195.7036250000001,
      212.29312500000015,
      215.63466700000026
    ],
    "mean_ms": 214.2923167,
    "std_ms": 19.39129296339288,
    "min_ms": 195.7036250000001,
    "max_ms": 273.45079199999986
  },
  "witnessOnly": {
    "times_ms": [
      26.385874999999942,
      30.783457999999882,
      26.63054100000045,
      24.361125000000357,
      24.319542000000183,
      24.11304199999995,
      23.777667000000292,
      24.615458000000217,
      23.877416000000267,
      23.70049999999992,
      23.784749999999804,
      26.34979199999998,
      25.418499999999767,
      24.56683299999986,
      24.876666999999543,
      23.929165999999896,
      23.980999999999767,
      23.71270900000036,
      23.81670899999972,
      23.92541700000038
    ],
    "mean_ms": 24.846308350000026,
    "std_ms": 1.6413081766183468,
    "min_ms": 23.70049999999992,
    "max_ms": 30.783457999999882
  }
}