{
  "hardware": "Raspberry Pi 4 Model B Rev 1.2",
  "circuit": "ULP_V2V_Auth(depth=16)",
  "nWarmup": 3,
  "nRuns": 20,
  "timestamp": "2026-03-19T13:44:12.368Z",
  "fullProve": {
    "times_ms": [
      3787.2565759999998,
      3782.4542280000023,
      3746.3689550000017,
      3803.580332999998,
      3773.0940630000005,
      3763.5324459999974,
      3769.626830000001,
      3750.015864000001,
      3777.519414999995,
      3788.719637000002,
      3810.3409270000047,
      3850.902721999999,
      3852.9273289999983,
      3849.3500630000053,
      3891.386824000001,
      3924.31495,
      3954.173437999998,
      3959.6971399999893,
      4002.4462820000044,
      3976.473119000002
    ],
    "mean_ms": 3840.7090570499995,
    "std_ms": 80.45575934754643,
    "min_ms": 3746.3689550000017,
    "max_ms": 4002.4462820000044
  },
  "witnessOnly": {
    "times_ms": [
      364.76457200000004,
      364.6798320000089,
      353.8355280000105,
      364.5687770000077,
      358.3337080000056,
      364.15818800000125,
      356.58270600000105,
      360.9340519999969,
      359.1750319999992,
      364.3477409999905,
      353.620270000014,
      362.08461499999976,
      360.63957300000766,
      355.5495660000015,
      377.5889460000035,
      360.22748400000273,
      365.4842479999934,
      358.25111299999116,
      361.365804999994,
      355.83995100000175
    ],
    "mean_ms": 361.1015853500015,
    "std_ms": 5.2839342001225,
    "min_ms": 353.620270000014,
    "max_ms": 377.5889460000035
  }
}