{
  "hardware": "Raspberry Pi 4 Model B Rev 1.2",
  "operation": "Poseidon-2: F.toObject(poseidon([message, tCurrent]))",
  "nWarmup": 200,
  "nRuns": 5000,
  "batchSize": 1000,
  "timestamp": "2026-03-19T13:46:45.431Z",
  "individual": {
    "mean_ms": 0.38484913539999205,
    "std_ms": 0.039692352980066244
  },
  "amortised": {
    "mean_ms": 0.3763880860333334,
    "std_ms": 0.0004649761976398427
  },
  "bsmCycle_ms": 100,
  "percentOfBsmCycle": 0.376388
}